segment_id,position,element_id,element_name,data_type,requirement,min_len,max_len,repeat,description,notes
ISA,ISA-01,I01,Authorization Information Qualifier,ID,Mandatory,2,2,-,,
ISA,ISA-02,I02,Authorization Information,AN,Mandatory,10,10,-,,
ISA,ISA-03,I03,Security Information Qualifier,ID,Mandatory,2,2,-,,
ISA,ISA-04,I04,Security Information,AN,Mandatory,10,10,-,,
ISA,ISA-05,I05,Interchange ID Qualifier,ID,Mandatory,2,2,-,,
ISA,ISA-06,I06,Interchange Sender ID,AN,Mandatory,15,15,-,,
ISA,ISA-07,I05,Interchange ID Qualifier,ID,Mandatory,2,2,-,,
ISA,ISA-08,I07,Interchange Receiver ID,AN,Mandatory,15,15,-,,
ISA,ISA-09,I08,Interchange Date,DT,Mandatory,6,6,-,,
ISA,ISA-10,I09,Interchange Time,TM,Mandatory,4,4,-,,
ISA,ISA-11,I10,Interchange Control Standards Identifier,ID,Mandatory,1,1,-,,
ISA,ISA-12,I11,Interchange Control Version Number,ID,Mandatory,5,5,-,,
ISA,ISA-13,I12,Interchange Control Number,N0,Mandatory,9,9,-,,
ISA,ISA-14,I13,Acknowledgment Requested,ID,Mandatory,1,1,-,,
ISA,ISA-15,I14,Usage Indicator,ID,Mandatory,1,1,-,,
GS,GS-01,479,Functional Identifier Code,ID,Mandatory,2,2,-,,
GS,GS-02,142,Application Sender's Code,AN,Mandatory,2,15,-,,
GS,GS-03,124,Application Receiver's Code,AN,Mandatory,2,15,-,,
GS,GS-04,373,Date,DT,Mandatory,8,8,-,,the group date
GS,GS-05,337,Time,TM,Mandatory,4,8,-,,the group time
GS,GS-06,28,Group Control Number,N0,Mandatory,1,9,-,,
GS,GS-07,455,Responsible Agency Code,ID,Mandatory,1,2,-,,
GS,GS-08,480,Version / Release / Industry Identifier Code,AN,Mandatory,1,12,-,,
ST,ST-01,143,Transaction Set Identifier Code,ID,Mandatory,3,3,-,,
ST,ST-02,329,Transaction Set Control Number,AN,Mandatory,4,9,-,,
B4,B4-01,152,Special Handling Code,ID,Optional,2,3,-,,
B4,B4-02,71,Inquiry Request Number,N0,Optional,1,3,-,,
B4,B4-03,157,Shipment Status Code,ID,Optional,1,2,-,,
B4,B4-04,373,Date,DT,Optional,8,8,-,,the date of last reported status of cargo
B4,B4-05,161,Status Time,TM,Optional,4,4,-,,
B4,B4-06,159,Status Location,AN,Optional,3,5,-,,
B4,B4-07,206,Equipment Initial,AN,Conditional,1,4,-,,"If either B4-07 or B4-08 is present, then the other is required B4-08 207 Equipment Number String (AN) Conditional 1 10 - Sequencing or serial part of an equipment unit's identifying number (pure numeric form for equipment number is preferred) B4-09 578 Equipment Status Code Identifier (ID) Optional 1 2 - Code indicating status of equipment Codes ( 14 ) B4-10 24 Equipment Type Identifier (ID) Optional 4 4 - Code identifying equipment type B4-11 310 Location Identifier String (AN) Conditional 1 30 - Code which identifies a specific location"
B4,B4-08,207,Equipment Number,AN,Conditional,1,10,-,,"If either B4-07 or B4-08 is present, then the other is required B4-08 207 Equipment Number String (AN) Conditional 1 10 - Sequencing or serial part of an equipment unit's identifying number (pure numeric form for equipment number is preferred) B4-09 578 Equipment Status Code Identifier (ID) Optional 1 2 - Code indicating status of equipment Codes ( 14 ) B4-10 24 Equipment Type Identifier (ID) Optional 4 4 - Code identifying equipment type B4-11 310 Location Identifier String (AN) Conditional 1 30 - Code which identifies a specific location"
B4,B4-09,578,Equipment Status Code,ID,Optional,1,2,-,,"If either B4-07 or B4-08 is present, then the other is required B4-08 207 Equipment Number String (AN) Conditional 1 10 - Sequencing or serial part of an equipment unit's identifying number (pure numeric form for equipment number is preferred) B4-09 578 Equipment Status Code Identifier (ID) Optional 1 2 - Code indicating status of equipment Codes ( 14 ) B4-10 24 Equipment Type Identifier (ID) Optional 4 4 - Code identifying equipment type B4-11 310 Location Identifier String (AN) Conditional 1 30 - Code which identifies a specific location"
B4,B4-10,24,Equipment Type,ID,Optional,4,4,-,,"If either B4-07 or B4-08 is present, then the other is required B4-08 207 Equipment Number String (AN) Conditional 1 10 - Sequencing or serial part of an equipment unit's identifying number (pure numeric form for equipment number is preferred) B4-09 578 Equipment Status Code Identifier (ID) Optional 1 2 - Code indicating status of equipment Codes ( 14 ) B4-10 24 Equipment Type Identifier (ID) Optional 4 4 - Code identifying equipment type B4-11 310 Location Identifier String (AN) Conditional 1 30 - Code which identifies a specific location"
B4,B4-11,310,Location Identifier,AN,Conditional,1,30,-,,"If either B4-07 or B4-08 is present, then the other is required B4-08 207 Equipment Number String (AN) Conditional 1 10 - Sequencing or serial part of an equipment unit's identifying number (pure numeric form for equipment number is preferred) B4-09 578 Equipment Status Code Identifier (ID) Optional 1 2 - Code indicating status of equipment Codes ( 14 ) B4-10 24 Equipment Type Identifier (ID) Optional 4 4 - Code identifying equipment type B4-11 310 Location Identifier String (AN) Conditional 1 30 - Code which identifies a specific location | If either B4-11 or B4-12 is present, then the other is required B4-12 309 Location Qualifier Identifier (ID) Conditional 1 2 - Code identifying type of location Codes ( 172 ) B4-13 761 Equipment Number Check Digit Numeric (N0) Optional 1 1 - Number which designates the check digit applied to a piece of equipment Stedi Stedi.com Documentation Contact us Privacy settings Stedi and the S design mark are registered trademarks of Stedi, Inc. Stedi's EDI Reference is provided for marketing purposes and is free of charge. All names, logos, and brands of third parties listed on our site are trademarks of their respective owners (including “X12”, which is a trademark of X12 Incorporated). Stedi, Inc. and its products and services are not endorsed by, sponsored by, or affiliated with these third parties. Our use of these names, logos, and brands is for identification purposes only, and does not imply any such endorsement, sponsorship, or affiliation. Appears in 109 Vessel Content Details 313 Shipment Status Inquiry (Ocean) 315 Status Details (Ocean) Stedi Stedi.com Documentation Contact us Privacy settings Stedi and the S design mark are registered trademarks of Stedi, Inc. Stedi's EDI Reference is provided for marketing purposes and is free of charge. All names, logos, and brands of third parties listed on our site are trademarks of their respective owners (including “X12”, which is a trademark of X12 Incorporated). Stedi, Inc. and its products and services are not endorsed by, sponsored by, or affiliated with these third parties. Our use of these names, logos, and brands is for identification purposes only, and does not imply any such endorsement, sponsorship, or affiliation."
B4,B4-12,309,Location Qualifier,ID,Conditional,1,2,-,,"If either B4-11 or B4-12 is present, then the other is required B4-12 309 Location Qualifier Identifier (ID) Conditional 1 2 - Code identifying type of location Codes ( 172 ) B4-13 761 Equipment Number Check Digit Numeric (N0) Optional 1 1 - Number which designates the check digit applied to a piece of equipment Stedi Stedi.com Documentation Contact us Privacy settings Stedi and the S design mark are registered trademarks of Stedi, Inc. Stedi's EDI Reference is provided for marketing purposes and is free of charge. All names, logos, and brands of third parties listed on our site are trademarks of their respective owners (including “X12”, which is a trademark of X12 Incorporated). Stedi, Inc. and its products and services are not endorsed by, sponsored by, or affiliated with these third parties. Our use of these names, logos, and brands is for identification purposes only, and does not imply any such endorsement, sponsorship, or affiliation. Appears in 109 Vessel Content Details 313 Shipment Status Inquiry (Ocean) 315 Status Details (Ocean) Stedi Stedi.com Documentation Contact us Privacy settings Stedi and the S design mark are registered trademarks of Stedi, Inc. Stedi's EDI Reference is provided for marketing purposes and is free of charge. All names, logos, and brands of third parties listed on our site are trademarks of their respective owners (including “X12”, which is a trademark of X12 Incorporated). Stedi, Inc. and its products and services are not endorsed by, sponsored by, or affiliated with these third parties. Our use of these names, logos, and brands is for identification purposes only, and does not imply any such endorsement, sponsorship, or affiliation."
B4,B4-13,761,Equipment Number Check Digit,N0,Optional,1,1,-,,"If either B4-11 or B4-12 is present, then the other is required B4-12 309 Location Qualifier Identifier (ID) Conditional 1 2 - Code identifying type of location Codes ( 172 ) B4-13 761 Equipment Number Check Digit Numeric (N0) Optional 1 1 - Number which designates the check digit applied to a piece of equipment Stedi Stedi.com Documentation Contact us Privacy settings Stedi and the S design mark are registered trademarks of Stedi, Inc. Stedi's EDI Reference is provided for marketing purposes and is free of charge. All names, logos, and brands of third parties listed on our site are trademarks of their respective owners (including “X12”, which is a trademark of X12 Incorporated). Stedi, Inc. and its products and services are not endorsed by, sponsored by, or affiliated with these third parties. Our use of these names, logos, and brands is for identification purposes only, and does not imply any such endorsement, sponsorship, or affiliation. Appears in 109 Vessel Content Details 313 Shipment Status Inquiry (Ocean) 315 Status Details (Ocean) Stedi Stedi.com Documentation Contact us Privacy settings Stedi and the S design mark are registered trademarks of Stedi, Inc. Stedi's EDI Reference is provided for marketing purposes and is free of charge. All names, logos, and brands of third parties listed on our site are trademarks of their respective owners (including “X12”, which is a trademark of X12 Incorporated). Stedi, Inc. and its products and services are not endorsed by, sponsored by, or affiliated with these third parties. Our use of these names, logos, and brands is for identification purposes only, and does not imply any such endorsement, sponsorship, or affiliation."
N9,N9-01,128,Reference Identification Qualifier,ID,Mandatory,2,3,-,,
N9,N9-02,127,Reference Identification,AN,Conditional,1,30,-,,"At least one of N9-02 or N9-03 is required N9-03 369 Free-form Description String (AN) Conditional 1 45 - Free-form descriptive text N9-04 373 Date Date (DT) Optional 8 8 - Date expressed as CCYYMMDD N9-05 337 Time Time (TM) Conditional 4 8 - Time expressed in 24-hour clock time as follows: HHMM, or HHMMSS, or HHMMSSD, or HHMMSSDD, where H = hours (00-23), M = minutes (00-59), S = integer seconds (00-59) and DD = decimal seconds; decimal seconds are expressed as follows: D = tenths (0-9) and DD = hundredths (00-99) N9-06 623 Time Code Identifier (ID) Optional 2 2 - Code identifying the time. In accordance with International Standards Organization standard 8601, time can be specified by a + or - and an indication in hours in relation to Universal Time Coordinate (UTC) time; since + is a restricted character, + and - are substituted by P and M in the codes that follow"
N9,N9-03,369,Free-form Description,AN,Conditional,1,45,-,,"At least one of N9-02 or N9-03 is required N9-03 369 Free-form Description String (AN) Conditional 1 45 - Free-form descriptive text N9-04 373 Date Date (DT) Optional 8 8 - Date expressed as CCYYMMDD N9-05 337 Time Time (TM) Conditional 4 8 - Time expressed in 24-hour clock time as follows: HHMM, or HHMMSS, or HHMMSSD, or HHMMSSDD, where H = hours (00-23), M = minutes (00-59), S = integer seconds (00-59) and DD = decimal seconds; decimal seconds are expressed as follows: D = tenths (0-9) and DD = hundredths (00-99) N9-06 623 Time Code Identifier (ID) Optional 2 2 - Code identifying the time. In accordance with International Standards Organization standard 8601, time can be specified by a + or - and an indication in hours in relation to Universal Time Coordinate (UTC) time; since + is a restricted character, + and - are substituted by P and M in the codes that follow | If either C040-03 or C040-04 is present, then the other is required Codes ( 1503 ) 04 127 Reference Identification String (AN) Conditional 1 30 - Reference information as defined for a particular Transaction Set or as specified by the Reference Identification Qualifier 05 128 Reference Identification Qualifier Identifier (ID) Conditional 2 3 - Code qualifying the Reference Identification"
N9,N9-04,373,Date,DT,Optional,8,8,-,,"At least one of N9-02 or N9-03 is required N9-03 369 Free-form Description String (AN) Conditional 1 45 - Free-form descriptive text N9-04 373 Date Date (DT) Optional 8 8 - Date expressed as CCYYMMDD N9-05 337 Time Time (TM) Conditional 4 8 - Time expressed in 24-hour clock time as follows: HHMM, or HHMMSS, or HHMMSSD, or HHMMSSDD, where H = hours (00-23), M = minutes (00-59), S = integer seconds (00-59) and DD = decimal seconds; decimal seconds are expressed as follows: D = tenths (0-9) and DD = hundredths (00-99) N9-06 623 Time Code Identifier (ID) Optional 2 2 - Code identifying the time. In accordance with International Standards Organization standard 8601, time can be specified by a + or - and an indication in hours in relation to Universal Time Coordinate (UTC) time; since + is a restricted character, + and - are substituted by P and M in the codes that follow | If either C040-03 or C040-04 is present, then the other is required Codes ( 1503 ) 04 127 Reference Identification String (AN) Conditional 1 30 - Reference information as defined for a particular Transaction Set or as specified by the Reference Identification Qualifier 05 128 Reference Identification Qualifier Identifier (ID) Conditional 2 3 - Code qualifying the Reference Identification"
N9,N9-05,337,Time,TM,Conditional,4,8,-,,"At least one of N9-02 or N9-03 is required N9-03 369 Free-form Description String (AN) Conditional 1 45 - Free-form descriptive text N9-04 373 Date Date (DT) Optional 8 8 - Date expressed as CCYYMMDD N9-05 337 Time Time (TM) Conditional 4 8 - Time expressed in 24-hour clock time as follows: HHMM, or HHMMSS, or HHMMSSD, or HHMMSSDD, where H = hours (00-23), M = minutes (00-59), S = integer seconds (00-59) and DD = decimal seconds; decimal seconds are expressed as follows: D = tenths (0-9) and DD = hundredths (00-99) N9-06 623 Time Code Identifier (ID) Optional 2 2 - Code identifying the time. In accordance with International Standards Organization standard 8601, time can be specified by a + or - and an indication in hours in relation to Universal Time Coordinate (UTC) time; since + is a restricted character, + and - are substituted by P and M in the codes that follow | If N9-06 is present, then N9-05 is required N906 reflects the time zone which the time reflects. Codes ( 51 ) N9-07 C040 Reference Identifier Composite (composite) Optional 01 128 Reference Identification Qualifier Identifier (ID) Mandatory 2 3 - Code qualifying the Reference Identification Codes ( 1503 ) 02 127 Reference Identification String (AN) Mandatory 1 30 - Reference information as defined for a particular Transaction Set or as specified by the Reference Identification Qualifier 03 128 Reference Identification Qualifier Identifier (ID) Conditional 2 3 - Code qualifying the Reference Identification | If either C040-05 or C040-06 is present, then the other is required Codes ( 1503 ) 06 127 Reference Identification String (AN) Conditional 1 30 - Reference information as defined for a particular Transaction Set or as specified by the Reference Identification Qualifier Stedi Stedi.com Documentation Contact us Privacy settings Stedi and the S design mark are registered trademarks of Stedi, Inc. Stedi's EDI Reference is provided for marketing purposes and is free of charge. All names, logos, and brands of third parties listed on our site are trademarks of their respective owners (including “X12”, which is a trademark of X12 Incorporated). Stedi, Inc. and its products and services are not endorsed by, sponsored by, or affiliated with these third parties. Our use of these names, logos, and brands is for identification purposes only, and does not imply any such endorsement, sponsorship, or affiliation. Appears in 104 Air Shipment Information 109 Vessel Content Details 110 Air Freight Details and Invoice 112 Property Damage Report 124 Vehicle Damage 140 Product Registration 141 Product Service Claim Response 142 Product Service Claim 143 Product Service Notification 152 Statistical Government Information 154 Uniform Commercial Code Filing 155 Business Credit Report 159 Motion Picture Booking Confirmation 160 Transportation Automatic Equipment Identification 161 Train Sheet 163 Transportation Appointment Schedule Information 180 Return Merchandise Authorization and Notification 194 Grant or Assistance Application 197 Real Estate Title Evidence 202 Secondary Mortgage Market Loan Delivery 206 Real Estate Inspection 210 Motor Carrier Freight Details and Invoice 217 Motor Carrier Loading and Route Guide 218 Motor Carrier Tariff Information 252 Insurance Producer Administration 256 Periodic Compensation 263 Residential Mortgage Insurance Application Response 266 Mortgage or Property Record Change Notification 272 Property and Casualty Loss Notification 285 Commercial Vehicle Safety and Credentials Information Exchange 286 Commercial Vehicle Credentials 300 Reservation (Booking Request) (Ocean) 301 Confirmation (Ocean) 304 Shipping Instructions 309 U.S. Customs Manifest 310 Freight Receipt and Invoice (Ocean) 311 Canadian Customs Information 312 Arrival Notice (Ocean) 313 Shipment Status Inquiry (Ocean) 315 Status Details (Ocean) 317 Delivery/Pickup Order 322 Terminal Operations and Intermodal Ramp Activity 324 Vessel Stow Plan (Ocean) 325 Consolidation of Goods In Container 326 Consignment Summary List 350 U.S. Customs Status Information 355 U.S. Customs Acceptance/Rejection 404 Rail Carrier Shipment Information 410 Rail Carrier Freight Details and Invoice 417 Rail Carrier Waybill Interchange 421 Estimated Time of Arrival and Car Scheduling 422 Shipper's Car Order 426 Rail Revenue Waybill 432 Rail Deprescription 435 Standard Transportation Commodity Code Master 452 Railroad Problem Log Inquiry or Advice 455 Railroad Parameter Trace Registration 456 Railroad Equipment Inquiry or Advice 470 Railroad Clearance 511 Requisition 517 Material Obligation Validation 527 Material Due-In and Receipt 536 Logistics Reassignment 561 Contract Abstract 567 Contract Completion Status 568 Contract Payment Management Report 602 Transportation Services Tender 805 Contract Pricing Proposal 810 Invoice 812 Credit/Debit Adjustment 820 Payment Order/Remittance Advice 831 Application Control Totals 832 Price/Sales Catalog 838 Trading Partner Profile 840 Request for Quotation 841 Specifications/Technical Information 843 Response to Request for Quotation 844 Product Transfer Account Adjustment 850 Purchase Order 851 Asset Schedule 852 Product Activity Data 854 Shipment Delivery Discrepancy Information 855 Purchase Order Acknowledgment 857 Shipment and Billing Notice 858 Shipment Information 859 Freight Invoice 860 Purchase Order Change Request - Buyer Initiated 865 Purchase Order Change Acknowledgment/Request - Seller Initiated 867 Product Transfer and Resale Report 875 Grocery Products Purchase Order 876 Grocery Products Purchase Order Change 879 Price Information 880 Grocery Products Invoice 881 Manufacturer Coupon Redemption Detail 882 Direct Store Delivery Summary Information 884 Market Development Fund Settlement 885 Retail Account Characteristics 887 Coupon Notification 888 Item Maintenance 889 Promotion Announcement 891 Deduction Research Report 894 Delivery/Return Base Record 896 Product Dimension Maintenance 920 Loss or Damage Claim - General Commodities 940 Warehouse Shipping Order 943 Warehouse Stock Transfer Shipment Advice 944 Warehouse Stock Transfer Receipt Advice 945 Warehouse Shipping Advice 947 Warehouse Inventory Adjustment Advice 990 Response to a Load Tender Stedi Stedi.com Documentation Contact us Privacy settings Stedi and the S design mark are registered trademarks of Stedi, Inc. Stedi's EDI Reference is provided for marketing purposes and is free of charge. All names, logos, and brands of third parties listed on our site are trademarks of their respective owners (including “X12”, which is a trademark of X12 Incorporated). Stedi, Inc. and its products and services are not endorsed by, sponsored by, or affiliated with these third parties. Our use of these names, logos, and brands is for identification purposes only, and does not imply any such endorsement, sponsorship, or affiliation."
N9,N9-06,623,Time Code,ID,Optional,2,2,-,,"the time zone which the time reflects | At least one of N9-02 or N9-03 is required N9-03 369 Free-form Description String (AN) Conditional 1 45 - Free-form descriptive text N9-04 373 Date Date (DT) Optional 8 8 - Date expressed as CCYYMMDD N9-05 337 Time Time (TM) Conditional 4 8 - Time expressed in 24-hour clock time as follows: HHMM, or HHMMSS, or HHMMSSD, or HHMMSSDD, where H = hours (00-23), M = minutes (00-59), S = integer seconds (00-59) and DD = decimal seconds; decimal seconds are expressed as follows: D = tenths (0-9) and DD = hundredths (00-99) N9-06 623 Time Code Identifier (ID) Optional 2 2 - Code identifying the time. In accordance with International Standards Organization standard 8601, time can be specified by a + or - and an indication in hours in relation to Universal Time Coordinate (UTC) time; since + is a restricted character, + and - are substituted by P and M in the codes that follow | If N9-06 is present, then N9-05 is required N906 reflects the time zone which the time reflects. Codes ( 51 ) N9-07 C040 Reference Identifier Composite (composite) Optional 01 128 Reference Identification Qualifier Identifier (ID) Mandatory 2 3 - Code qualifying the Reference Identification Codes ( 1503 ) 02 127 Reference Identification String (AN) Mandatory 1 30 - Reference information as defined for a particular Transaction Set or as specified by the Reference Identification Qualifier 03 128 Reference Identification Qualifier Identifier (ID) Conditional 2 3 - Code qualifying the Reference Identification | If either C040-05 or C040-06 is present, then the other is required Codes ( 1503 ) 06 127 Reference Identification String (AN) Conditional 1 30 - Reference information as defined for a particular Transaction Set or as specified by the Reference Identification Qualifier Stedi Stedi.com Documentation Contact us Privacy settings Stedi and the S design mark are registered trademarks of Stedi, Inc. Stedi's EDI Reference is provided for marketing purposes and is free of charge. All names, logos, and brands of third parties listed on our site are trademarks of their respective owners (including “X12”, which is a trademark of X12 Incorporated). Stedi, Inc. and its products and services are not endorsed by, sponsored by, or affiliated with these third parties. Our use of these names, logos, and brands is for identification purposes only, and does not imply any such endorsement, sponsorship, or affiliation. Appears in 104 Air Shipment Information 109 Vessel Content Details 110 Air Freight Details and Invoice 112 Property Damage Report 124 Vehicle Damage 140 Product Registration 141 Product Service Claim Response 142 Product Service Claim 143 Product Service Notification 152 Statistical Government Information 154 Uniform Commercial Code Filing 155 Business Credit Report 159 Motion Picture Booking Confirmation 160 Transportation Automatic Equipment Identification 161 Train Sheet 163 Transportation Appointment Schedule Information 180 Return Merchandise Authorization and Notification 194 Grant or Assistance Application 197 Real Estate Title Evidence 202 Secondary Mortgage Market Loan Delivery 206 Real Estate Inspection 210 Motor Carrier Freight Details and Invoice 217 Motor Carrier Loading and Route Guide 218 Motor Carrier Tariff Information 252 Insurance Producer Administration 256 Periodic Compensation 263 Residential Mortgage Insurance Application Response 266 Mortgage or Property Record Change Notification 272 Property and Casualty Loss Notification 285 Commercial Vehicle Safety and Credentials Information Exchange 286 Commercial Vehicle Credentials 300 Reservation (Booking Request) (Ocean) 301 Confirmation (Ocean) 304 Shipping Instructions 309 U.S. Customs Manifest 310 Freight Receipt and Invoice (Ocean) 311 Canadian Customs Information 312 Arrival Notice (Ocean) 313 Shipment Status Inquiry (Ocean) 315 Status Details (Ocean) 317 Delivery/Pickup Order 322 Terminal Operations and Intermodal Ramp Activity 324 Vessel Stow Plan (Ocean) 325 Consolidation of Goods In Container 326 Consignment Summary List 350 U.S. Customs Status Information 355 U.S. Customs Acceptance/Rejection 404 Rail Carrier Shipment Information 410 Rail Carrier Freight Details and Invoice 417 Rail Carrier Waybill Interchange 421 Estimated Time of Arrival and Car Scheduling 422 Shipper's Car Order 426 Rail Revenue Waybill 432 Rail Deprescription 435 Standard Transportation Commodity Code Master 452 Railroad Problem Log Inquiry or Advice 455 Railroad Parameter Trace Registration 456 Railroad Equipment Inquiry or Advice 470 Railroad Clearance 511 Requisition 517 Material Obligation Validation 527 Material Due-In and Receipt 536 Logistics Reassignment 561 Contract Abstract 567 Contract Completion Status 568 Contract Payment Management Report 602 Transportation Services Tender 805 Contract Pricing Proposal 810 Invoice 812 Credit/Debit Adjustment 820 Payment Order/Remittance Advice 831 Application Control Totals 832 Price/Sales Catalog 838 Trading Partner Profile 840 Request for Quotation 841 Specifications/Technical Information 843 Response to Request for Quotation 844 Product Transfer Account Adjustment 850 Purchase Order 851 Asset Schedule 852 Product Activity Data 854 Shipment Delivery Discrepancy Information 855 Purchase Order Acknowledgment 857 Shipment and Billing Notice 858 Shipment Information 859 Freight Invoice 860 Purchase Order Change Request - Buyer Initiated 865 Purchase Order Change Acknowledgment/Request - Seller Initiated 867 Product Transfer and Resale Report 875 Grocery Products Purchase Order 876 Grocery Products Purchase Order Change 879 Price Information 880 Grocery Products Invoice 881 Manufacturer Coupon Redemption Detail 882 Direct Store Delivery Summary Information 884 Market Development Fund Settlement 885 Retail Account Characteristics 887 Coupon Notification 888 Item Maintenance 889 Promotion Announcement 891 Deduction Research Report 894 Delivery/Return Base Record 896 Product Dimension Maintenance 920 Loss or Damage Claim - General Commodities 940 Warehouse Shipping Order 943 Warehouse Stock Transfer Shipment Advice 944 Warehouse Stock Transfer Receipt Advice 945 Warehouse Shipping Advice 947 Warehouse Inventory Adjustment Advice 990 Response to a Load Tender Stedi Stedi.com Documentation Contact us Privacy settings Stedi and the S design mark are registered trademarks of Stedi, Inc. Stedi's EDI Reference is provided for marketing purposes and is free of charge. All names, logos, and brands of third parties listed on our site are trademarks of their respective owners (including “X12”, which is a trademark of X12 Incorporated). Stedi, Inc. and its products and services are not endorsed by, sponsored by, or affiliated with these third parties. Our use of these names, logos, and brands is for identification purposes only, and does not imply any such endorsement, sponsorship, or affiliation."
N9,N9-07,C040,Reference Identifier,composite,Optional,01,128,,,"If N9-06 is present, then N9-05 is required N906 reflects the time zone which the time reflects. Codes ( 51 ) N9-07 C040 Reference Identifier Composite (composite) Optional 01 128 Reference Identification Qualifier Identifier (ID) Mandatory 2 3 - Code qualifying the Reference Identification Codes ( 1503 ) 02 127 Reference Identification String (AN) Mandatory 1 30 - Reference information as defined for a particular Transaction Set or as specified by the Reference Identification Qualifier 03 128 Reference Identification Qualifier Identifier (ID) Conditional 2 3 - Code qualifying the Reference Identification"
Q2,Q2-01,597,Vessel Code,ID,Optional,1,8,-,,
Q2,Q2-02,26,Country Code,ID,Optional,2,3,-,,the code identifying the country in which the ship (vessel) is registered
Q2,Q2-03,373,Date,DT,Optional,8,8,-,,the required pier date
Q2,Q2-04,373,Date,DT,Optional,8,8,-,,the date of departure of the vessel
Q2,Q2-05,373,Date,DT,Optional,8,8,-,,the date the shipment was unloaded from the vessel
Q2,Q2-06,80,Lading Quantity,N0,Optional,1,7,-,,
Q2,Q2-08,187,Weight Qualifier,ID,Conditional,1,2,-,,
Q2,Q2-09,55,Flight/Voyage Number,AN,Optional,2,10,-,,
Q2,Q2-10,128,Reference Identification Qualifier,ID,Optional,2,3,-,,"If Q2-10 is present, then Q2-11 is required Codes ( 1503 ) Q2-11 127 Reference Identification String (AN) Conditional 1 30 - Reference information as defined for a particular Transaction Set or as specified by the Reference Identification Qualifier Q2-12 897 Vessel Code Qualifier Identifier (ID) Optional 1 1 - Code specifying vessel code source Codes ( 4 ) Q2-13 182 Vessel Name String (AN) Optional 2 28 - Name of ship as documented in ""Lloyd's Register of Ships"" Q2-14 183 Volume Decimal number (R) Conditional 1 8 - Value of volumetric measure"
Q2,Q2-11,127,Reference Identification,AN,Conditional,1,30,-,,"If Q2-10 is present, then Q2-11 is required Codes ( 1503 ) Q2-11 127 Reference Identification String (AN) Conditional 1 30 - Reference information as defined for a particular Transaction Set or as specified by the Reference Identification Qualifier Q2-12 897 Vessel Code Qualifier Identifier (ID) Optional 1 1 - Code specifying vessel code source Codes ( 4 ) Q2-13 182 Vessel Name String (AN) Optional 2 28 - Name of ship as documented in ""Lloyd's Register of Ships"" Q2-14 183 Volume Decimal number (R) Conditional 1 8 - Value of volumetric measure"
Q2,Q2-12,897,Vessel Code Qualifier,ID,Optional,1,1,-,,"If Q2-10 is present, then Q2-11 is required Codes ( 1503 ) Q2-11 127 Reference Identification String (AN) Conditional 1 30 - Reference information as defined for a particular Transaction Set or as specified by the Reference Identification Qualifier Q2-12 897 Vessel Code Qualifier Identifier (ID) Optional 1 1 - Code specifying vessel code source Codes ( 4 ) Q2-13 182 Vessel Name String (AN) Optional 2 28 - Name of ship as documented in ""Lloyd's Register of Ships"" Q2-14 183 Volume Decimal number (R) Conditional 1 8 - Value of volumetric measure"
Q2,Q2-13,182,Vessel Name,AN,Optional,2,28,-,,"If Q2-10 is present, then Q2-11 is required Codes ( 1503 ) Q2-11 127 Reference Identification String (AN) Conditional 1 30 - Reference information as defined for a particular Transaction Set or as specified by the Reference Identification Qualifier Q2-12 897 Vessel Code Qualifier Identifier (ID) Optional 1 1 - Code specifying vessel code source Codes ( 4 ) Q2-13 182 Vessel Name String (AN) Optional 2 28 - Name of ship as documented in ""Lloyd's Register of Ships"" Q2-14 183 Volume Decimal number (R) Conditional 1 8 - Value of volumetric measure"
Q2,Q2-15,184,Volume Unit Qualifier,ID,Conditional,1,1,-,,"If either Q2-14 or Q2-15 is present, then the other is required Q2-15 184 Volume Unit Qualifier Identifier (ID) Conditional 1 1 - Code identifying the volume unit Codes ( 16 ) Q2-16 188 Weight Unit Code Identifier (ID) Conditional 1 1 - Code specifying the weight unit Codes ( 8 ) Stedi Stedi.com Documentation Contact us Privacy settings Stedi and the S design mark are registered trademarks of Stedi, Inc. Stedi's EDI Reference is provided for marketing purposes and is free of charge. All names, logos, and brands of third parties listed on our site are trademarks of their respective owners (including “X12”, which is a trademark of X12 Incorporated). Stedi, Inc. and its products and services are not endorsed by, sponsored by, or affiliated with these third parties. Our use of these names, logos, and brands is for identification purposes only, and does not imply any such endorsement, sponsorship, or affiliation. Appears in 109 Vessel Content Details 315 Status Details (Ocean) Stedi Stedi.com Documentation Contact us Privacy settings Stedi and the S design mark are registered trademarks of Stedi, Inc. Stedi's EDI Reference is provided for marketing purposes and is free of charge. All names, logos, and brands of third parties listed on our site are trademarks of their respective owners (including “X12”, which is a trademark of X12 Incorporated). Stedi, Inc. and its products and services are not endorsed by, sponsored by, or affiliated with these third parties. Our use of these names, logos, and brands is for identification purposes only, and does not imply any such endorsement, sponsorship, or affiliation."
Q2,Q2-16,188,Weight Unit Code,ID,Conditional,1,1,-,,"If either Q2-14 or Q2-15 is present, then the other is required Q2-15 184 Volume Unit Qualifier Identifier (ID) Conditional 1 1 - Code identifying the volume unit Codes ( 16 ) Q2-16 188 Weight Unit Code Identifier (ID) Conditional 1 1 - Code specifying the weight unit Codes ( 8 ) Stedi Stedi.com Documentation Contact us Privacy settings Stedi and the S design mark are registered trademarks of Stedi, Inc. Stedi's EDI Reference is provided for marketing purposes and is free of charge. All names, logos, and brands of third parties listed on our site are trademarks of their respective owners (including “X12”, which is a trademark of X12 Incorporated). Stedi, Inc. and its products and services are not endorsed by, sponsored by, or affiliated with these third parties. Our use of these names, logos, and brands is for identification purposes only, and does not imply any such endorsement, sponsorship, or affiliation. Appears in 109 Vessel Content Details 315 Status Details (Ocean) Stedi Stedi.com Documentation Contact us Privacy settings Stedi and the S design mark are registered trademarks of Stedi, Inc. Stedi's EDI Reference is provided for marketing purposes and is free of charge. All names, logos, and brands of third parties listed on our site are trademarks of their respective owners (including “X12”, which is a trademark of X12 Incorporated). Stedi, Inc. and its products and services are not endorsed by, sponsored by, or affiliated with these third parties. Our use of these names, logos, and brands is for identification purposes only, and does not imply any such endorsement, sponsorship, or affiliation."
R4,R4-01,115,Port or Terminal Function Code,ID,Mandatory,1,1,-,,
R4,R4-02,309,Location Qualifier,ID,Conditional,1,2,-,,"If either R4-02 or R4-03 is present, then the other is required Codes ( 172 ) R4-03 310 Location Identifier String (AN) Conditional 1 30 - Code which identifies a specific location R4-04 114 Port Name String (AN) Optional 2 24 - Free-form name for the place at which an offshore carrier originates or terminates (by transshipment or otherwise) its actual ocean carriage of property R4-05 26 Country Code Identifier (ID) Optional 2 3 - Code identifying the country Codes ( 498 ) R4-06 174 Terminal Name String (AN) Optional 2 30 - Free-form field for terminal name R4-07 113 Pier Number String (AN) Optional 1 4 - Identifying number for the pier R4-08 156 State or Province Code Identifier (ID) Optional 2 2 - Code (Standard State/Province) as defined by appropriate government agency Stedi Stedi.com Documentation Contact us Privacy settings Stedi and the S design mark are registered trademarks of Stedi, Inc. Stedi's EDI Reference is provided for marketing purposes and is free of charge. All names, logos, and brands of third parties listed on our site are trademarks of their respective owners (including “X12”, which is a trademark of X12 Incorporated). Stedi, Inc. and its products and services are not endorsed by, sponsored by, or affiliated with these third parties. Our use of these names, logos, and brands is for identification purposes only, and does not imply any such endorsement, sponsorship, or affiliation. Appears in 109 Vessel Content Details 215 Motor Carrier Pick-up Manifest 272 Property and Casualty Loss Notification 300 Reservation (Booking Request) (Ocean) 301 Confirmation (Ocean) 304 Shipping Instructions 310 Freight Receipt and Invoice (Ocean) 311 Canadian Customs Information 312 Arrival Notice (Ocean) 315 Status Details (Ocean) 322 Terminal Operations and Intermodal Ramp Activity 323 Vessel Schedule and Itinerary (Ocean) 324 Vessel Stow Plan (Ocean) 325 Consolidation of Goods In Container 326 Consignment Summary List 362 Cargo Insurance Advice of Shipment 511 Requisition 715 Intermodal Group Loading Plan 810 Invoice 856 Ship Notice/Manifest 858 Shipment Information 945 Warehouse Shipping Advice Stedi Stedi.com Documentation Contact us Privacy settings Stedi and the S design mark are registered trademarks of Stedi, Inc. Stedi's EDI Reference is provided for marketing purposes and is free of charge. All names, logos, and brands of third parties listed on our site are trademarks of their respective owners (including “X12”, which is a trademark of X12 Incorporated). Stedi, Inc. and its products and services are not endorsed by, sponsored by, or affiliated with these third parties. Our use of these names, logos, and brands is for identification purposes only, and does not imply any such endorsement, sponsorship, or affiliation."
R4,R4-03,310,Location Identifier,AN,Conditional,1,30,-,,"If either R4-02 or R4-03 is present, then the other is required Codes ( 172 ) R4-03 310 Location Identifier String (AN) Conditional 1 30 - Code which identifies a specific location R4-04 114 Port Name String (AN) Optional 2 24 - Free-form name for the place at which an offshore carrier originates or terminates (by transshipment or otherwise) its actual ocean carriage of property R4-05 26 Country Code Identifier (ID) Optional 2 3 - Code identifying the country Codes ( 498 ) R4-06 174 Terminal Name String (AN) Optional 2 30 - Free-form field for terminal name R4-07 113 Pier Number String (AN) Optional 1 4 - Identifying number for the pier R4-08 156 State or Province Code Identifier (ID) Optional 2 2 - Code (Standard State/Province) as defined by appropriate government agency Stedi Stedi.com Documentation Contact us Privacy settings Stedi and the S design mark are registered trademarks of Stedi, Inc. Stedi's EDI Reference is provided for marketing purposes and is free of charge. All names, logos, and brands of third parties listed on our site are trademarks of their respective owners (including “X12”, which is a trademark of X12 Incorporated). Stedi, Inc. and its products and services are not endorsed by, sponsored by, or affiliated with these third parties. Our use of these names, logos, and brands is for identification purposes only, and does not imply any such endorsement, sponsorship, or affiliation. Appears in 109 Vessel Content Details 215 Motor Carrier Pick-up Manifest 272 Property and Casualty Loss Notification 300 Reservation (Booking Request) (Ocean) 301 Confirmation (Ocean) 304 Shipping Instructions 310 Freight Receipt and Invoice (Ocean) 311 Canadian Customs Information 312 Arrival Notice (Ocean) 315 Status Details (Ocean) 322 Terminal Operations and Intermodal Ramp Activity 323 Vessel Schedule and Itinerary (Ocean) 324 Vessel Stow Plan (Ocean) 325 Consolidation of Goods In Container 326 Consignment Summary List 362 Cargo Insurance Advice of Shipment 511 Requisition 715 Intermodal Group Loading Plan 810 Invoice 856 Ship Notice/Manifest 858 Shipment Information 945 Warehouse Shipping Advice Stedi Stedi.com Documentation Contact us Privacy settings Stedi and the S design mark are registered trademarks of Stedi, Inc. Stedi's EDI Reference is provided for marketing purposes and is free of charge. All names, logos, and brands of third parties listed on our site are trademarks of their respective owners (including “X12”, which is a trademark of X12 Incorporated). Stedi, Inc. and its products and services are not endorsed by, sponsored by, or affiliated with these third parties. Our use of these names, logos, and brands is for identification purposes only, and does not imply any such endorsement, sponsorship, or affiliation."
R4,R4-04,114,Port Name,AN,Optional,2,24,-,,"If either R4-02 or R4-03 is present, then the other is required Codes ( 172 ) R4-03 310 Location Identifier String (AN) Conditional 1 30 - Code which identifies a specific location R4-04 114 Port Name String (AN) Optional 2 24 - Free-form name for the place at which an offshore carrier originates or terminates (by transshipment or otherwise) its actual ocean carriage of property R4-05 26 Country Code Identifier (ID) Optional 2 3 - Code identifying the country Codes ( 498 ) R4-06 174 Terminal Name String (AN) Optional 2 30 - Free-form field for terminal name R4-07 113 Pier Number String (AN) Optional 1 4 - Identifying number for the pier R4-08 156 State or Province Code Identifier (ID) Optional 2 2 - Code (Standard State/Province) as defined by appropriate government agency Stedi Stedi.com Documentation Contact us Privacy settings Stedi and the S design mark are registered trademarks of Stedi, Inc. Stedi's EDI Reference is provided for marketing purposes and is free of charge. All names, logos, and brands of third parties listed on our site are trademarks of their respective owners (including “X12”, which is a trademark of X12 Incorporated). Stedi, Inc. and its products and services are not endorsed by, sponsored by, or affiliated with these third parties. Our use of these names, logos, and brands is for identification purposes only, and does not imply any such endorsement, sponsorship, or affiliation. Appears in 109 Vessel Content Details 215 Motor Carrier Pick-up Manifest 272 Property and Casualty Loss Notification 300 Reservation (Booking Request) (Ocean) 301 Confirmation (Ocean) 304 Shipping Instructions 310 Freight Receipt and Invoice (Ocean) 311 Canadian Customs Information 312 Arrival Notice (Ocean) 315 Status Details (Ocean) 322 Terminal Operations and Intermodal Ramp Activity 323 Vessel Schedule and Itinerary (Ocean) 324 Vessel Stow Plan (Ocean) 325 Consolidation of Goods In Container 326 Consignment Summary List 362 Cargo Insurance Advice of Shipment 511 Requisition 715 Intermodal Group Loading Plan 810 Invoice 856 Ship Notice/Manifest 858 Shipment Information 945 Warehouse Shipping Advice Stedi Stedi.com Documentation Contact us Privacy settings Stedi and the S design mark are registered trademarks of Stedi, Inc. Stedi's EDI Reference is provided for marketing purposes and is free of charge. All names, logos, and brands of third parties listed on our site are trademarks of their respective owners (including “X12”, which is a trademark of X12 Incorporated). Stedi, Inc. and its products and services are not endorsed by, sponsored by, or affiliated with these third parties. Our use of these names, logos, and brands is for identification purposes only, and does not imply any such endorsement, sponsorship, or affiliation."
R4,R4-05,26,Country Code,ID,Optional,2,3,-,,"If either R4-02 or R4-03 is present, then the other is required Codes ( 172 ) R4-03 310 Location Identifier String (AN) Conditional 1 30 - Code which identifies a specific location R4-04 114 Port Name String (AN) Optional 2 24 - Free-form name for the place at which an offshore carrier originates or terminates (by transshipment or otherwise) its actual ocean carriage of property R4-05 26 Country Code Identifier (ID) Optional 2 3 - Code identifying the country Codes ( 498 ) R4-06 174 Terminal Name String (AN) Optional 2 30 - Free-form field for terminal name R4-07 113 Pier Number String (AN) Optional 1 4 - Identifying number for the pier R4-08 156 State or Province Code Identifier (ID) Optional 2 2 - Code (Standard State/Province) as defined by appropriate government agency Stedi Stedi.com Documentation Contact us Privacy settings Stedi and the S design mark are registered trademarks of Stedi, Inc. Stedi's EDI Reference is provided for marketing purposes and is free of charge. All names, logos, and brands of third parties listed on our site are trademarks of their respective owners (including “X12”, which is a trademark of X12 Incorporated). Stedi, Inc. and its products and services are not endorsed by, sponsored by, or affiliated with these third parties. Our use of these names, logos, and brands is for identification purposes only, and does not imply any such endorsement, sponsorship, or affiliation. Appears in 109 Vessel Content Details 215 Motor Carrier Pick-up Manifest 272 Property and Casualty Loss Notification 300 Reservation (Booking Request) (Ocean) 301 Confirmation (Ocean) 304 Shipping Instructions 310 Freight Receipt and Invoice (Ocean) 311 Canadian Customs Information 312 Arrival Notice (Ocean) 315 Status Details (Ocean) 322 Terminal Operations and Intermodal Ramp Activity 323 Vessel Schedule and Itinerary (Ocean) 324 Vessel Stow Plan (Ocean) 325 Consolidation of Goods In Container 326 Consignment Summary List 362 Cargo Insurance Advice of Shipment 511 Requisition 715 Intermodal Group Loading Plan 810 Invoice 856 Ship Notice/Manifest 858 Shipment Information 945 Warehouse Shipping Advice Stedi Stedi.com Documentation Contact us Privacy settings Stedi and the S design mark are registered trademarks of Stedi, Inc. Stedi's EDI Reference is provided for marketing purposes and is free of charge. All names, logos, and brands of third parties listed on our site are trademarks of their respective owners (including “X12”, which is a trademark of X12 Incorporated). Stedi, Inc. and its products and services are not endorsed by, sponsored by, or affiliated with these third parties. Our use of these names, logos, and brands is for identification purposes only, and does not imply any such endorsement, sponsorship, or affiliation."
R4,R4-06,174,Terminal Name,AN,Optional,2,30,-,,"If either R4-02 or R4-03 is present, then the other is required Codes ( 172 ) R4-03 310 Location Identifier String (AN) Conditional 1 30 - Code which identifies a specific location R4-04 114 Port Name String (AN) Optional 2 24 - Free-form name for the place at which an offshore carrier originates or terminates (by transshipment or otherwise) its actual ocean carriage of property R4-05 26 Country Code Identifier (ID) Optional 2 3 - Code identifying the country Codes ( 498 ) R4-06 174 Terminal Name String (AN) Optional 2 30 - Free-form field for terminal name R4-07 113 Pier Number String (AN) Optional 1 4 - Identifying number for the pier R4-08 156 State or Province Code Identifier (ID) Optional 2 2 - Code (Standard State/Province) as defined by appropriate government agency Stedi Stedi.com Documentation Contact us Privacy settings Stedi and the S design mark are registered trademarks of Stedi, Inc. Stedi's EDI Reference is provided for marketing purposes and is free of charge. All names, logos, and brands of third parties listed on our site are trademarks of their respective owners (including “X12”, which is a trademark of X12 Incorporated). Stedi, Inc. and its products and services are not endorsed by, sponsored by, or affiliated with these third parties. Our use of these names, logos, and brands is for identification purposes only, and does not imply any such endorsement, sponsorship, or affiliation. Appears in 109 Vessel Content Details 215 Motor Carrier Pick-up Manifest 272 Property and Casualty Loss Notification 300 Reservation (Booking Request) (Ocean) 301 Confirmation (Ocean) 304 Shipping Instructions 310 Freight Receipt and Invoice (Ocean) 311 Canadian Customs Information 312 Arrival Notice (Ocean) 315 Status Details (Ocean) 322 Terminal Operations and Intermodal Ramp Activity 323 Vessel Schedule and Itinerary (Ocean) 324 Vessel Stow Plan (Ocean) 325 Consolidation of Goods In Container 326 Consignment Summary List 362 Cargo Insurance Advice of Shipment 511 Requisition 715 Intermodal Group Loading Plan 810 Invoice 856 Ship Notice/Manifest 858 Shipment Information 945 Warehouse Shipping Advice Stedi Stedi.com Documentation Contact us Privacy settings Stedi and the S design mark are registered trademarks of Stedi, Inc. Stedi's EDI Reference is provided for marketing purposes and is free of charge. All names, logos, and brands of third parties listed on our site are trademarks of their respective owners (including “X12”, which is a trademark of X12 Incorporated). Stedi, Inc. and its products and services are not endorsed by, sponsored by, or affiliated with these third parties. Our use of these names, logos, and brands is for identification purposes only, and does not imply any such endorsement, sponsorship, or affiliation."
R4,R4-07,113,Pier Number,AN,Optional,1,4,-,,"If either R4-02 or R4-03 is present, then the other is required Codes ( 172 ) R4-03 310 Location Identifier String (AN) Conditional 1 30 - Code which identifies a specific location R4-04 114 Port Name String (AN) Optional 2 24 - Free-form name for the place at which an offshore carrier originates or terminates (by transshipment or otherwise) its actual ocean carriage of property R4-05 26 Country Code Identifier (ID) Optional 2 3 - Code identifying the country Codes ( 498 ) R4-06 174 Terminal Name String (AN) Optional 2 30 - Free-form field for terminal name R4-07 113 Pier Number String (AN) Optional 1 4 - Identifying number for the pier R4-08 156 State or Province Code Identifier (ID) Optional 2 2 - Code (Standard State/Province) as defined by appropriate government agency Stedi Stedi.com Documentation Contact us Privacy settings Stedi and the S design mark are registered trademarks of Stedi, Inc. Stedi's EDI Reference is provided for marketing purposes and is free of charge. All names, logos, and brands of third parties listed on our site are trademarks of their respective owners (including “X12”, which is a trademark of X12 Incorporated). Stedi, Inc. and its products and services are not endorsed by, sponsored by, or affiliated with these third parties. Our use of these names, logos, and brands is for identification purposes only, and does not imply any such endorsement, sponsorship, or affiliation. Appears in 109 Vessel Content Details 215 Motor Carrier Pick-up Manifest 272 Property and Casualty Loss Notification 300 Reservation (Booking Request) (Ocean) 301 Confirmation (Ocean) 304 Shipping Instructions 310 Freight Receipt and Invoice (Ocean) 311 Canadian Customs Information 312 Arrival Notice (Ocean) 315 Status Details (Ocean) 322 Terminal Operations and Intermodal Ramp Activity 323 Vessel Schedule and Itinerary (Ocean) 324 Vessel Stow Plan (Ocean) 325 Consolidation of Goods In Container 326 Consignment Summary List 362 Cargo Insurance Advice of Shipment 511 Requisition 715 Intermodal Group Loading Plan 810 Invoice 856 Ship Notice/Manifest 858 Shipment Information 945 Warehouse Shipping Advice Stedi Stedi.com Documentation Contact us Privacy settings Stedi and the S design mark are registered trademarks of Stedi, Inc. Stedi's EDI Reference is provided for marketing purposes and is free of charge. All names, logos, and brands of third parties listed on our site are trademarks of their respective owners (including “X12”, which is a trademark of X12 Incorporated). Stedi, Inc. and its products and services are not endorsed by, sponsored by, or affiliated with these third parties. Our use of these names, logos, and brands is for identification purposes only, and does not imply any such endorsement, sponsorship, or affiliation."
R4,R4-08,156,State or Province Code,ID,Optional,2,2,-,,"If either R4-02 or R4-03 is present, then the other is required Codes ( 172 ) R4-03 310 Location Identifier String (AN) Conditional 1 30 - Code which identifies a specific location R4-04 114 Port Name String (AN) Optional 2 24 - Free-form name for the place at which an offshore carrier originates or terminates (by transshipment or otherwise) its actual ocean carriage of property R4-05 26 Country Code Identifier (ID) Optional 2 3 - Code identifying the country Codes ( 498 ) R4-06 174 Terminal Name String (AN) Optional 2 30 - Free-form field for terminal name R4-07 113 Pier Number String (AN) Optional 1 4 - Identifying number for the pier R4-08 156 State or Province Code Identifier (ID) Optional 2 2 - Code (Standard State/Province) as defined by appropriate government agency Stedi Stedi.com Documentation Contact us Privacy settings Stedi and the S design mark are registered trademarks of Stedi, Inc. Stedi's EDI Reference is provided for marketing purposes and is free of charge. All names, logos, and brands of third parties listed on our site are trademarks of their respective owners (including “X12”, which is a trademark of X12 Incorporated). Stedi, Inc. and its products and services are not endorsed by, sponsored by, or affiliated with these third parties. Our use of these names, logos, and brands is for identification purposes only, and does not imply any such endorsement, sponsorship, or affiliation. Appears in 109 Vessel Content Details 215 Motor Carrier Pick-up Manifest 272 Property and Casualty Loss Notification 300 Reservation (Booking Request) (Ocean) 301 Confirmation (Ocean) 304 Shipping Instructions 310 Freight Receipt and Invoice (Ocean) 311 Canadian Customs Information 312 Arrival Notice (Ocean) 315 Status Details (Ocean) 322 Terminal Operations and Intermodal Ramp Activity 323 Vessel Schedule and Itinerary (Ocean) 324 Vessel Stow Plan (Ocean) 325 Consolidation of Goods In Container 326 Consignment Summary List 362 Cargo Insurance Advice of Shipment 511 Requisition 715 Intermodal Group Loading Plan 810 Invoice 856 Ship Notice/Manifest 858 Shipment Information 945 Warehouse Shipping Advice Stedi Stedi.com Documentation Contact us Privacy settings Stedi and the S design mark are registered trademarks of Stedi, Inc. Stedi's EDI Reference is provided for marketing purposes and is free of charge. All names, logos, and brands of third parties listed on our site are trademarks of their respective owners (including “X12”, which is a trademark of X12 Incorporated). Stedi, Inc. and its products and services are not endorsed by, sponsored by, or affiliated with these third parties. Our use of these names, logos, and brands is for identification purposes only, and does not imply any such endorsement, sponsorship, or affiliation."
DTM,DTM-01,374,Date/Time Qualifier,ID,Mandatory,3,3,-,,
DTM,DTM-02,373,Date,DT,Conditional,8,8,-,,
DTM,DTM-03,337,Time,TM,Conditional,4,8,-,,"If DTM-04 is present, then DTM-03 is required Codes ( 51 ) DTM-05 1250 Date Time Period Format Qualifier Identifier (ID) Conditional 2 3 - Code indicating the date format, time format, or date and time format"
DTM,DTM-04,623,Time Code,ID,Optional,2,2,-,,"If DTM-04 is present, then DTM-03 is required Codes ( 51 ) DTM-05 1250 Date Time Period Format Qualifier Identifier (ID) Conditional 2 3 - Code indicating the date format, time format, or date and time format"
DTM,DTM-05,1250,Date Time Period Format Qualifier,ID,Conditional,2,3,-,,"If DTM-04 is present, then DTM-03 is required Codes ( 51 ) DTM-05 1250 Date Time Period Format Qualifier Identifier (ID) Conditional 2 3 - Code indicating the date format, time format, or date and time format | If either DTM-05 or DTM-06 is present, then the other is required Codes ( 39 ) DTM-06 1251 Date Time Period String (AN) Conditional 1 35 - Expression of a date, a time, or range of dates, times or dates and times Stedi Stedi.com Documentation Contact us Privacy settings Stedi and the S design mark are registered trademarks of Stedi, Inc. Stedi's EDI Reference is provided for marketing purposes and is free of charge. All names, logos, and brands of third parties listed on our site are trademarks of their respective owners (including “X12”, which is a trademark of X12 Incorporated). Stedi, Inc. and its products and services are not endorsed by, sponsored by, or affiliated with these third parties. Our use of these names, logos, and brands is for identification purposes only, and does not imply any such endorsement, sponsorship, or affiliation. Appears in 101 Name and Address Lists 104 Air Shipment Information 105 Business Entity Filings 109 Vessel Content Details 120 Vehicle Shipping Order 121 Vehicle Service 124 Vehicle Damage 140 Product Registration 141 Product Service Claim Response 142 Product Service Claim 143 Product Service Notification 149 Notice of Tax Adjustment or Assessment 151 Electronic Filing of Tax Return Data Acknowledgment 152 Statistical Government Information 153 Unemployment Insurance Tax Claim or Charge Information 154 Uniform Commercial Code Filing 157 Notice of Power of Attorney 160 Transportation Automatic Equipment Identification 161 Train Sheet 170 Revenue Receipts Statement 175 Court and Law Enforcement Notice 176 Court Submission 180 Return Merchandise Authorization and Notification 194 Grant or Assistance Application 195 Federal Communications Commission (FCC) License Application 196 Contractor Cost Data Reporting 199 Real Estate Settlement Information 203 Secondary Mortgage Market Investor Report 244 Product Source Information 250 Purchase Order Shipment Management Document 251 Pricing Support 255 Underwriting Information Services 261 Real Estate Information Request 264 Mortgage Loan Default Status 275 Patient Information 280 Voter Registration Information 285 Commercial Vehicle Safety and Credentials Information Exchange 286 Commercial Vehicle Credentials 288 Wage Determination 300 Reservation (Booking Request) (Ocean) 301 Confirmation (Ocean) 304 Shipping Instructions 309 U.S. Customs Manifest 310 Freight Receipt and Invoice (Ocean) 311 Canadian Customs Information 312 Arrival Notice (Ocean) 315 Status Details (Ocean) 322 Terminal Operations and Intermodal Ramp Activity 323 Vessel Schedule and Itinerary (Ocean) 324 Vessel Stow Plan (Ocean) 326 Consignment Summary List 404 Rail Carrier Shipment Information 410 Rail Carrier Freight Details and Invoice 417 Rail Carrier Waybill Interchange 423 Rail Industrial Switch List 426 Rail Revenue Waybill 432 Rail Deprescription 433 Railroad Reciprocal Switch File 434 Railroad Mark Register Update Activity 435 Standard Transportation Commodity Code Master 437 Railroad Junctions and Interchanges Activity 475 Rail Route File Maintenance 500 Medical Event Reporting 503 Pricing History 521 Income or Asset Offset 540 Notice of Employment Status 568 Contract Payment Management Report 601 U.S. Customs Export Shipment Information 620 Excavation Communication 650 Maintenance Service Order 805 Contract Pricing Proposal 806 Project Schedule Reporting 810 Invoice 811 Consolidated Service Invoice/Statement 812 Credit/Debit Adjustment 813 Electronic Filing of Tax Return Data 814 General Request, Response or Confirmation 816 Organizational Relationships 818 Commission Sales Report 819 Operating Expense Statement 820 Payment Order/Remittance Advice 821 Financial Information Reporting 822 Account Analysis 823 Lockbox 824 Application Advice 826 Tax Information Exchange 827 Financial Return Notice 829 Payment Cancellation Request 830 Planning Schedule with Release Capability 831 Application Control Totals 832 Price/Sales Catalog 835 Health Care Claim Payment/Advice 836 Procurement Notices 838 Trading Partner Profile 839 Project Cost Reporting 840 Request for Quotation 841 Specifications/Technical Information 842 Nonconformance Report 843 Response to Request for Quotation 844 Product Transfer Account Adjustment 845 Price Authorization Acknowledgment/Status 846 Inventory Inquiry/Advice 847 Material Claim 848 Material Safety Data Sheet 849 Response to Product Transfer Account Adjustment 850 Purchase Order 851 Asset Schedule 852 Product Activity Data 855 Purchase Order Acknowledgment 856 Ship Notice/Manifest 857 Shipment and Billing Notice 860 Purchase Order Change Request - Buyer Initiated 861 Receiving Advice/Acceptance Certificate 862 Shipping Schedule 863 Report of Test Results 864 Text Message 865 Purchase Order Change Acknowledgment/Request - Seller Initiated 866 Production Sequence 867 Product Transfer and Resale Report 869 Order Status Inquiry 870 Order Status Report 871 Component Parts Content 877 Manufacturer Coupon Family Code Structure 885 Retail Account Characteristics 886 Customer Call Reporting 887 Coupon Notification Stedi Stedi.com Documentation Contact us Privacy settings Stedi and the S design mark are registered trademarks of Stedi, Inc. Stedi's EDI Reference is provided for marketing purposes and is free of charge. All names, logos, and brands of third parties listed on our site are trademarks of their respective owners (including “X12”, which is a trademark of X12 Incorporated). Stedi, Inc. and its products and services are not endorsed by, sponsored by, or affiliated with these third parties. Our use of these names, logos, and brands is for identification purposes only, and does not imply any such endorsement, sponsorship, or affiliation."
DTM,DTM-06,1251,Date Time Period,AN,Conditional,1,35,-,,"If either DTM-05 or DTM-06 is present, then the other is required Codes ( 39 ) DTM-06 1251 Date Time Period String (AN) Conditional 1 35 - Expression of a date, a time, or range of dates, times or dates and times Stedi Stedi.com Documentation Contact us Privacy settings Stedi and the S design mark are registered trademarks of Stedi, Inc. Stedi's EDI Reference is provided for marketing purposes and is free of charge. All names, logos, and brands of third parties listed on our site are trademarks of their respective owners (including “X12”, which is a trademark of X12 Incorporated). Stedi, Inc. and its products and services are not endorsed by, sponsored by, or affiliated with these third parties. Our use of these names, logos, and brands is for identification purposes only, and does not imply any such endorsement, sponsorship, or affiliation. Appears in 101 Name and Address Lists 104 Air Shipment Information 105 Business Entity Filings 109 Vessel Content Details 120 Vehicle Shipping Order 121 Vehicle Service 124 Vehicle Damage 140 Product Registration 141 Product Service Claim Response 142 Product Service Claim 143 Product Service Notification 149 Notice of Tax Adjustment or Assessment 151 Electronic Filing of Tax Return Data Acknowledgment 152 Statistical Government Information 153 Unemployment Insurance Tax Claim or Charge Information 154 Uniform Commercial Code Filing 157 Notice of Power of Attorney 160 Transportation Automatic Equipment Identification 161 Train Sheet 170 Revenue Receipts Statement 175 Court and Law Enforcement Notice 176 Court Submission 180 Return Merchandise Authorization and Notification 194 Grant or Assistance Application 195 Federal Communications Commission (FCC) License Application 196 Contractor Cost Data Reporting 199 Real Estate Settlement Information 203 Secondary Mortgage Market Investor Report 244 Product Source Information 250 Purchase Order Shipment Management Document 251 Pricing Support 255 Underwriting Information Services 261 Real Estate Information Request 264 Mortgage Loan Default Status 275 Patient Information 280 Voter Registration Information 285 Commercial Vehicle Safety and Credentials Information Exchange 286 Commercial Vehicle Credentials 288 Wage Determination 300 Reservation (Booking Request) (Ocean) 301 Confirmation (Ocean) 304 Shipping Instructions 309 U.S. Customs Manifest 310 Freight Receipt and Invoice (Ocean) 311 Canadian Customs Information 312 Arrival Notice (Ocean) 315 Status Details (Ocean) 322 Terminal Operations and Intermodal Ramp Activity 323 Vessel Schedule and Itinerary (Ocean) 324 Vessel Stow Plan (Ocean) 326 Consignment Summary List 404 Rail Carrier Shipment Information 410 Rail Carrier Freight Details and Invoice 417 Rail Carrier Waybill Interchange 423 Rail Industrial Switch List 426 Rail Revenue Waybill 432 Rail Deprescription 433 Railroad Reciprocal Switch File 434 Railroad Mark Register Update Activity 435 Standard Transportation Commodity Code Master 437 Railroad Junctions and Interchanges Activity 475 Rail Route File Maintenance 500 Medical Event Reporting 503 Pricing History 521 Income or Asset Offset 540 Notice of Employment Status 568 Contract Payment Management Report 601 U.S. Customs Export Shipment Information 620 Excavation Communication 650 Maintenance Service Order 805 Contract Pricing Proposal 806 Project Schedule Reporting 810 Invoice 811 Consolidated Service Invoice/Statement 812 Credit/Debit Adjustment 813 Electronic Filing of Tax Return Data 814 General Request, Response or Confirmation 816 Organizational Relationships 818 Commission Sales Report 819 Operating Expense Statement 820 Payment Order/Remittance Advice 821 Financial Information Reporting 822 Account Analysis 823 Lockbox 824 Application Advice 826 Tax Information Exchange 827 Financial Return Notice 829 Payment Cancellation Request 830 Planning Schedule with Release Capability 831 Application Control Totals 832 Price/Sales Catalog 835 Health Care Claim Payment/Advice 836 Procurement Notices 838 Trading Partner Profile 839 Project Cost Reporting 840 Request for Quotation 841 Specifications/Technical Information 842 Nonconformance Report 843 Response to Request for Quotation 844 Product Transfer Account Adjustment 845 Price Authorization Acknowledgment/Status 846 Inventory Inquiry/Advice 847 Material Claim 848 Material Safety Data Sheet 849 Response to Product Transfer Account Adjustment 850 Purchase Order 851 Asset Schedule 852 Product Activity Data 855 Purchase Order Acknowledgment 856 Ship Notice/Manifest 857 Shipment and Billing Notice 860 Purchase Order Change Request - Buyer Initiated 861 Receiving Advice/Acceptance Certificate 862 Shipping Schedule 863 Report of Test Results 864 Text Message 865 Purchase Order Change Acknowledgment/Request - Seller Initiated 866 Production Sequence 867 Product Transfer and Resale Report 869 Order Status Inquiry 870 Order Status Report 871 Component Parts Content 877 Manufacturer Coupon Family Code Structure 885 Retail Account Characteristics 886 Customer Call Reporting 887 Coupon Notification Stedi Stedi.com Documentation Contact us Privacy settings Stedi and the S design mark are registered trademarks of Stedi, Inc. Stedi's EDI Reference is provided for marketing purposes and is free of charge. All names, logos, and brands of third parties listed on our site are trademarks of their respective owners (including “X12”, which is a trademark of X12 Incorporated). Stedi, Inc. and its products and services are not endorsed by, sponsored by, or affiliated with these third parties. Our use of these names, logos, and brands is for identification purposes only, and does not imply any such endorsement, sponsorship, or affiliation."
SE,SE-01,96,Number of Included Segments,N0,Mandatory,1,10,-,,
SE,SE-02,329,Transaction Set Control Number,AN,Mandatory,4,9,-,,
GE,GE-01,97,Number of Transaction Sets Included,N0,Mandatory,1,6,-,,
GE,GE-02,28,Group Control Number,N0,Mandatory,1,9,-,,
IEA,IEA-01,I16,Number of Included Functional Groups,N0,Mandatory,1,5,-,,
IEA,IEA-02,I12,Interchange Control Number,N0,Mandatory,9,9,-,,
